"","trial","id","time","t_end"
"1",1,"BEGR",0,19
"2",1,"BOOT",19,19
"3",1,"BOXR",19,19
"4",1,"C596",11,19
"5",1,"C834",15,19
"6",1,"C835",14,19
"7",1,"C991",13,19
"8",1,"CWM3",19,19
"9",1,"DRSN",12,19
"10",1,"F102",19,19
"11",1,"F106",10,19
"12",1,"F108",13,19
"13",1,"F109",4,19
"14",1,"F110",19,19
"15",1,"F113",16,19
"16",1,"F114",19,19
"17",1,"F118",2,19
"18",1,"F123",19,19
"19",1,"F125",7,19
"20",1,"F127",19,19
"21",1,"F128",3,19
"22",1,"F131",19,19
"23",1,"F133",13,19
"24",1,"F134",19,19
"25",1,"F135",7,19
"26",1,"F137",17,19
"27",1,"F138",8,19
"28",1,"F141",19,19
"29",1,"F142",4,19
"30",1,"F146",17,19
"31",1,"F148",11,19
"32",1,"F149",18,19
"33",1,"F151",19,19
"34",1,"F153",17,19
"35",1,"F154",19,19
"36",1,"F155",1,19
"37",1,"F157",19,19
"38",1,"F159",16,19
"39",1,"F162",10,19
"40",1,"F164",18,19
"41",1,"F165",15,19
"42",1,"F167",19,19
"43",1,"F175",2,19
"44",1,"F176",17,19
"45",1,"F178",1,19
"46",1,"F180",19,19
"47",1,"F181",19,19
"48",1,"F182",19,19
"49",1,"F188",12,19
"50",1,"F190",12,19
"51",1,"F194",4,19
"52",1,"F196",7,19
"53",1,"F198",12,19
"54",1,"F203",11,19
"55",1,"F215",19,19
"56",1,"F218",10,19
"57",1,"F219",10,19
"58",1,"F220",9,19
"59",1,"F222",9,19
"60",1,"F228",11,19
"61",1,"F236",15,19
"62",1,"F237",19,19
"63",1,"F248",10,19
"64",1,"F258",7,19
"65",1,"F268",19,19
"66",1,"F276",10,19
"67",1,"FB02",7,19
"68",1,"FB05",13,19
"69",1,"FB07",19,19
"70",1,"FB09",1,19
"71",1,"FB10",19,19
"72",1,"FB11",18,19
"73",1,"FB13",19,19
"74",1,"FB15",17,19
"75",1,"FB20",9,19
"76",1,"FB25",19,19
"77",1,"FB27",1,19
"78",1,"FB28",11,19
"79",1,"FB33",17,19
"80",1,"FB35",10,19
"81",1,"FB36",19,19
"82",1,"FB43",12,19
"83",1,"FB44",10,19
"84",1,"FB48",19,19
"85",1,"FB54",7,19
"86",1,"FB55",19,19
"87",1,"FB63",12,19
"88",1,"FB65",1,19
"89",1,"FB66",11,19
"90",1,"FB78",9,19
"91",1,"FB79",6,19
"92",1,"FB87",13,19
"93",1,"FB90",18,19
"94",1,"FB92",1,19
"95",1,"FB93",5,19
"96",1,"HAIR",19,19
"97",1,"HBMB",19,19
"98",1,"HIQQ",19,19
"99",1,"IKN2",10,19
"100",1,"JOSC",14,19
"101",1,"LDMA",19,19
"102",1,"LIZD",19,19
"103",1,"LNPC",19,19
"104",1,"LNPF",19,19
"105",1,"M145",11,19
"106",1,"MPTB",17,19
"107",1,"PNBT",19,19
"108",1,"PSDQ",19,19
"109",1,"RTMW",19,19
"110",1,"RY34",16,19
"111",1,"SOLB",19,19
"112",1,"TCTV",19,19
"113",1,"TDTL",19,19
"114",1,"TSMV",19,19
"115",1,"VSTH",19,19
"116",1,"WHOO",19,19
"117",1,"ZELD",19,19
